All frequencies are given in percent.,,,,,,,,,,,,,,,,,,,,,
Domain: Data,,,,,,,,,,,,,,,,,,,,,
,Ala,Cys,Asp,Glu,Phe,Gly,His,Ile,Lys,Leu,Met,Asn,Pro,Gln,Arg,Ser,Thr,Val,Trp,Tyr,Total
homo sapiens,17.09183673,1.275510204,3.826530612,3.826530612,1.530612245,10.71428571,2.806122449,2.040816327,5.612244898,7.142857143,0.765306122,3.06122449,12.24489796,6.37755102,5.102040816,7.142857143,4.591836735,2.806122449,0.765306122,1.275510204,392
Prionailurus iriomotensis,15.94936709,1.265822785,3.797468354,3.797468354,1.518987342,11.39240506,2.784810127,2.025316456,5.569620253,7.088607595,0.759493671,3.037974684,13.41772152,6.075949367,4.810126582,7.341772152,3.797468354,3.544303797,0.759493671,1.265822785,395
Prionailurus bengalensis,16.87344913,1.240694789,3.970223325,3.473945409,1.488833747,10.17369727,2.729528536,1.985111663,5.459057072,6.947890819,0.744416873,2.977667494,14.64019851,5.955334988,4.714640199,7.692307692,3.722084367,3.225806452,0.744416873,1.240694789,403
Cavia porcellus,15.77608142,1.526717557,3.816793893,3.816793893,1.526717557,10.17811705,2.798982188,2.03562341,5.597964377,7.124681934,0.763358779,3.053435115,11.95928753,6.361323155,4.834605598,8.905852417,4.071246819,3.816793893,0.763358779,1.272264631,393
Avg.,16.42451042,1.326595073,3.85344283,3.727100442,1.516108654,10.61276058,2.779532533,2.021478206,5.559065066,7.075173721,0.758054327,3.032217309,13.07643714,6.190777006,4.864181933,7.770056854,4.042956412,3.348073279,0.758054327,1.263423879,395.75
